"Id","Success","Created","Error"
"001aZ00000sxclKQAQ","true","true",""
"001aZ00000sxclLQAQ","true","true",""
"001aZ00000sxclMQAQ","true","true",""
"001aZ00000sxclNQAQ","true","true",""
"001aZ00000sxclOQAQ","true","true",""
"001aZ00000sxclPQAQ","true","true",""
"001aZ00000sxclQQAQ","true","true",""
"001aZ00000sxclRQAQ","true","true",""
"001aZ00000sxclSQAQ","true","true",""
"001aZ00000sxclTQAQ","true","true",""
"001aZ00000sxclUQAQ","true","true",""
"001aZ00000sxclVQAQ","true","true",""
"001aZ00000sxclWQAQ","true","true",""
"001aZ00000sxclXQAQ","true","true",""
"001aZ00000sxclYQAQ","true","true",""
"001aZ00000sxclZQAQ","true","true",""
"001aZ00000sxclaQAA","true","true",""
"001aZ00000sxclbQAA","true","true",""
"001aZ00000sxclcQAA","true","true",""
"001aZ00000sxcldQAA","true","true",""
"001aZ00000sxcleQAA","true","true",""
"001aZ00000sxclfQAA","true","true",""
"001aZ00000sxclgQAA","true","true",""
"001aZ00000sxclhQAA","true","true",""
"001aZ00000sxcliQAA","true","true",""
"001aZ00000sxcljQAA","true","true",""
"001aZ00000sxclkQAA","true","true",""
"001aZ00000sxcllQAA","true","true",""
"001aZ00000sxclmQAA","true","true",""
"001aZ00000sxclnQAA","true","true",""
"001aZ00000sxcloQAA","true","true",""
"001aZ00000sxclpQAA","true","true",""
"001aZ00000sxclqQAA","true","true",""
"001aZ00000sxclrQAA","true","true",""
"001aZ00000sxclsQAA","true","true",""
"001aZ00000sxcltQAA","true","true",""
"001aZ00000sxcluQAA","true","true",""
"001aZ00000sxclvQAA","true","true",""
"001aZ00000sxclwQAA","true","true",""
"001aZ00000sxclxQAA","true","true",""
"001aZ00000sxclyQAA","true","true",""
"001aZ00000sxclzQAA","true","true",""
"001aZ00000sxcm0QAA","true","true",""
"001aZ00000sxcm1QAA","true","true",""
"001aZ00000sxcm2QAA","true","true",""
"001aZ00000sxcm3QAA","true","true",""
"001aZ00000sxcm4QAA","true","true",""
"001aZ00000sxcm5QAA","true","true",""
"001aZ00000sxcm6QAA","true","true",""
"001aZ00000sxcm7QAA","true","true",""
"001aZ00000sxcm8QAA","true","true",""
"001aZ00000sxcm9QAA","true","true",""
"001aZ00000sxcmAQAQ","true","true",""
"001aZ00000sxcmBQAQ","true","true",""
"001aZ00000sxcmCQAQ","true","true",""
"001aZ00000sxcmDQAQ","true","true",""
"001aZ00000sxcmEQAQ","true","true",""
"001aZ00000sxcmFQAQ","true","true",""
"001aZ00000sxcmGQAQ","true","true",""
"001aZ00000sxcmHQAQ","true","true",""
"001aZ00000sxcmIQAQ","true","true",""
"001aZ00000sxcmJQAQ","true","true",""
"001aZ00000sxcmKQAQ","true","true",""
"001aZ00000sxcmLQAQ","true","true",""
"001aZ00000sxcmMQAQ","true","true",""
"001aZ00000sxcmNQAQ","true","true",""
"001aZ00000sxcmOQAQ","true","true",""
"001aZ00000sxcmPQAQ","true","true",""
"001aZ00000sxcmQQAQ","true","true",""
"001aZ00000sxcmRQAQ","true","true",""
"001aZ00000sxcmSQAQ","true","true",""
"001aZ00000sxcmTQAQ","true","true",""
"001aZ00000sxcmUQAQ","true","true",""
"001aZ00000sxcmVQAQ","true","true",""
"001aZ00000sxcmWQAQ","true","true",""
"001aZ00000sxcmXQAQ","true","true",""
"001aZ00000sxcmYQAQ","true","true",""
"001aZ00000sxcmZQAQ","true","true",""
"001aZ00000sxcmaQAA","true","true",""
"001aZ00000sxcmbQAA","true","true",""
"001aZ00000sxcmcQAA","true","true",""
"001aZ00000sxcmdQAA","true","true",""
"001aZ00000sxcmeQAA","true","true",""
"001aZ00000sxcmfQAA","true","true",""
"001aZ00000sxcmgQAA","true","true",""
"001aZ00000sxcmhQAA","true","true",""
"001aZ00000sxcmiQAA","true","true",""
"001aZ00000sxcmjQAA","true","true",""
"001aZ00000sxcmkQAA","true","true",""
"001aZ00000sxcmlQAA","true","true",""
"001aZ00000sxcmmQAA","true","true",""
"001aZ00000sxcmnQAA","true","true",""
"001aZ00000sxcmoQAA","true","true",""
"001aZ00000sxcmpQAA","true","true",""
"001aZ00000sxcmqQAA","true","true",""
"001aZ00000sxcmrQAA","true","true",""
"001aZ00000sxcmsQAA","true","true",""
"001aZ00000sxcmtQAA","true","true",""
"001aZ00000sxcmuQAA","true","true",""
"001aZ00000sxf4rQAA","true","true",""
"001aZ00000sxf4sQAA","true","true",""
"001aZ00000sxf4tQAA","true","true",""
"001aZ00000sxf4uQAA","true","true",""
"001aZ00000sxf4vQAA","true","true",""
"001aZ00000sxf4wQAA","true","true",""
"001aZ00000sxf4xQAA","true","true",""
"001aZ00000sxf4yQAA","true","true",""
"001aZ00000sxf4zQAA","true","true",""
"001aZ00000sxf50QAA","true","true",""
"001aZ00000sxf51QAA","true","true",""
"001aZ00000sxf52QAA","true","true",""
"001aZ00000sxf53QAA","true","true",""
"001aZ00000sxf54QAA","true","true",""
"001aZ00000sxf55QAA","true","true",""
"001aZ00000sxf56QAA","true","true",""
"001aZ00000sxf57QAA","true","true",""
"001aZ00000sxf58QAA","true","true",""
"001aZ00000sxf59QAA","true","true",""
"001aZ00000sxf5AQAQ","true","true",""
"001aZ00000sxf5BQAQ","true","true",""
"001aZ00000sxf5CQAQ","true","true",""
"001aZ00000sxf5DQAQ","true","true",""
"001aZ00000sxf5EQAQ","true","true",""
"001aZ00000sxf5FQAQ","true","true",""
"001aZ00000sxf5GQAQ","true","true",""
"001aZ00000sxf5HQAQ","true","true",""
"001aZ00000sxf5IQAQ","true","true",""
"001aZ00000sxf5JQAQ","true","true",""
"001aZ00000sxf5KQAQ","true","true",""
"001aZ00000sxf5LQAQ","true","true",""
"001aZ00000sxf5MQAQ","true","true",""
"001aZ00000sxf5NQAQ","true","true",""
"001aZ00000sxf5OQAQ","true","true",""
"001aZ00000sxf5PQAQ","true","true",""
"001aZ00000sxf5QQAQ","true","true",""
"001aZ00000sxf5RQAQ","true","true",""
"001aZ00000sxf5SQAQ","true","true",""
"001aZ00000sxf5TQAQ","true","true",""
"001aZ00000sxf5UQAQ","true","true",""
"001aZ00000sxf5VQAQ","true","true",""
"001aZ00000sxf5WQAQ","true","true",""
"001aZ00000sxf5XQAQ","true","true",""
"001aZ00000sxf5YQAQ","true","true",""
"001aZ00000sxf5ZQAQ","true","true",""
"001aZ00000sxf5aQAA","true","true",""
"001aZ00000sxf5bQAA","true","true",""
"001aZ00000sxf5cQAA","true","true",""
"001aZ00000sxf5dQAA","true","true",""
"001aZ00000sxf5eQAA","true","true",""
"001aZ00000sxf5fQAA","true","true",""
"001aZ00000sxf5gQAA","true","true",""
"001aZ00000sxf5hQAA","true","true",""
"001aZ00000sxf5iQAA","true","true",""
"001aZ00000sxf5jQAA","true","true",""
"001aZ00000sxf5kQAA","true","true",""
"001aZ00000sxf5lQAA","true","true",""
"001aZ00000sxf5mQAA","true","true",""
"001aZ00000sxf5nQAA","true","true",""
"001aZ00000sxf5oQAA","true","true",""
"001aZ00000sxf5pQAA","true","true",""
"001aZ00000sxf5qQAA","true","true",""
"001aZ00000sxf5rQAA","true","true",""
"001aZ00000sxf5sQAA","true","true",""
"001aZ00000sxf5tQAA","true","true",""
"001aZ00000sxf5uQAA","true","true",""
"001aZ00000sxf5vQAA","true","true",""
"001aZ00000sxf5wQAA","true","true",""
"001aZ00000sxf5xQAA","true","true",""
"001aZ00000sxf5yQAA","true","true",""
"001aZ00000sxf5zQAA","true","true",""
"001aZ00000sxf60QAA","true","true",""
"001aZ00000sxf61QAA","true","true",""
"001aZ00000sxf62QAA","true","true",""
"001aZ00000sxf63QAA","true","true",""
"001aZ00000sxf64QAA","true","true",""
"001aZ00000sxf65QAA","true","true",""
"001aZ00000sxf66QAA","true","true",""
"001aZ00000sxf67QAA","true","true",""
"001aZ00000sxf68QAA","true","true",""
"001aZ00000sxf69QAA","true","true",""
"001aZ00000sxf6AQAQ","true","true",""
"001aZ00000sxf6BQAQ","true","true",""
"001aZ00000sxf6CQAQ","true","true",""
"001aZ00000sxf6DQAQ","true","true",""
"001aZ00000sxf6EQAQ","true","true",""
"001aZ00000sxf6FQAQ","true","true",""
"001aZ00000sxf6GQAQ","true","true",""
"001aZ00000sxf6HQAQ","true","true",""
"001aZ00000sxf6IQAQ","true","true",""
"001aZ00000sxf6JQAQ","true","true",""
"001aZ00000sxf6KQAQ","true","true",""
"001aZ00000sxf6LQAQ","true","true",""
"001aZ00000sxf6MQAQ","true","true",""
"001aZ00000sxf6NQAQ","true","true",""
"001aZ00000sxf6OQAQ","true","true",""
"001aZ00000sxf6PQAQ","true","true",""
"001aZ00000sxf6QQAQ","true","true",""
"001aZ00000sxf6RQAQ","true","true",""
"001aZ00000sxf6SQAQ","true","true",""
"001aZ00000sxf6TQAQ","true","true",""
"001aZ00000sxf6UQAQ","true","true",""
"001aZ00000sxf6VQAQ","true","true",""
"001aZ00000sxf6WQAQ","true","true",""
"001aZ00000sxf6XQAQ","true","true",""
"001aZ00000sxf6YQAQ","true","true",""
"001aZ00000sxf6ZQAQ","true","true",""
"001aZ00000sxf6aQAA","true","true",""
"001aZ00000sxf6bQAA","true","true",""
"001aZ00000sxf6cQAA","true","true",""
"001aZ00000sxf6dQAA","true","true",""
"001aZ00000sxf6eQAA","true","true",""
"001aZ00000sxf6fQAA","true","true",""
"001aZ00000sxf6gQAA","true","true",""
"001aZ00000sxf6hQAA","true","true",""
"001aZ00000sxf6iQAA","true","true",""
"001aZ00000sxf6jQAA","true","true",""
"001aZ00000sxf6kQAA","true","true",""
"001aZ00000sxf6lQAA","true","true",""
"001aZ00000sxf6mQAA","true","true",""
"001aZ00000sxf6nQAA","true","true",""
"001aZ00000sxf6oQAA","true","true",""
"001aZ00000sxf6pQAA","true","true",""
"001aZ00000sxf6qQAA","true","true",""
"001aZ00000sxf6rQAA","true","true",""
"001aZ00000sxf6sQAA","true","true",""
"001aZ00000sxf6tQAA","true","true",""
"001aZ00000sxf6uQAA","true","true",""
"001aZ00000sxf6vQAA","true","true",""
"001aZ00000sxf6wQAA","true","true",""
"001aZ00000sxf6xQAA","true","true",""
"001aZ00000sxf6yQAA","true","true",""
"001aZ00000sxf6zQAA","true","true",""
"001aZ00000sxf70QAA","true","true",""
"001aZ00000sxf71QAA","true","true",""
"001aZ00000sxf72QAA","true","true",""
"001aZ00000sxf73QAA","true","true",""
"001aZ00000sxf74QAA","true","true",""
"001aZ00000sxf75QAA","true","true",""
"001aZ00000sxf76QAA","true","true",""
"001aZ00000sxf77QAA","true","true",""
"001aZ00000sxf78QAA","true","true",""
"001aZ00000sxf79QAA","true","true",""
"001aZ00000sxf7AQAQ","true","true",""
"001aZ00000sxf7BQAQ","true","true",""
"001aZ00000sxf7CQAQ","true","true",""
"001aZ00000sxf7DQAQ","true","true",""
"001aZ00000sxf7EQAQ","true","true",""
"001aZ00000sxf7FQAQ","true","true",""
"001aZ00000sxf7GQAQ","true","true",""
"001aZ00000sxf7HQAQ","true","true",""
"001aZ00000sxf7IQAQ","true","true",""
"001aZ00000sxf7JQAQ","true","true",""
"001aZ00000sxf7KQAQ","true","true",""
"001aZ00000sxf7LQAQ","true","true",""
"001aZ00000sxf7MQAQ","true","true",""
"001aZ00000sxf7NQAQ","true","true",""
"001aZ00000sxf7OQAQ","true","true",""
"001aZ00000sxf7PQAQ","true","true",""
"001aZ00000sxf7QQAQ","true","true",""
"001aZ00000sxf7RQAQ","true","true",""
"001aZ00000sxf7SQAQ","true","true",""
"001aZ00000sxf7TQAQ","true","true",""
"001aZ00000sxf7UQAQ","true","true",""
"001aZ00000sxf7VQAQ","true","true",""
"001aZ00000sxf7WQAQ","true","true",""
"001aZ00000sxf7XQAQ","true","true",""
"001aZ00000sxf7YQAQ","true","true",""
"001aZ00000sxf7ZQAQ","true","true",""
"001aZ00000sxf7aQAA","true","true",""
"001aZ00000sxf7bQAA","true","true",""
"001aZ00000sxf7cQAA","true","true",""
"001aZ00000sxf7dQAA","true","true",""
"001aZ00000sxf7eQAA","true","true",""
"001aZ00000sxf7fQAA","true","true",""
"001aZ00000sxf7gQAA","true","true",""
"001aZ00000sxf7hQAA","true","true",""
"001aZ00000sxf7iQAA","true","true",""
"001aZ00000sxf7jQAA","true","true",""
"001aZ00000sxf7kQAA","true","true",""
"001aZ00000sxf7lQAA","true","true",""
"001aZ00000sxf7mQAA","true","true",""
"001aZ00000sxf7nQAA","true","true",""
"001aZ00000sxf7oQAA","true","true",""
"001aZ00000sxf7pQAA","true","true",""
"001aZ00000sxf7qQAA","true","true",""
"001aZ00000sxf7rQAA","true","true",""
"001aZ00000sxf7sQAA","true","true",""
"001aZ00000sxf7tQAA","true","true",""
"001aZ00000sxf7uQAA","true","true",""
"001aZ00000sxf7vQAA","true","true",""
"001aZ00000sxf7wQAA","true","true",""
"001aZ00000sxf7xQAA","true","true",""
"001aZ00000sxf7yQAA","true","true",""
"001aZ00000sxf7zQAA","true","true",""
"001aZ00000sxf80QAA","true","true",""
"001aZ00000sxf81QAA","true","true",""
"001aZ00000sxf82QAA","true","true",""
"001aZ00000sxf83QAA","true","true",""
"001aZ00000sxf84QAA","true","true",""
"001aZ00000sxf85QAA","true","true",""
"001aZ00000sxf86QAA","true","true",""
"001aZ00000sxf87QAA","true","true",""
"001aZ00000sxf88QAA","true","true",""
"001aZ00000sxf89QAA","true","true",""
"001aZ00000sxf8AQAQ","true","true",""
"001aZ00000sxf8BQAQ","true","true",""
"001aZ00000sxf8CQAQ","true","true",""
"001aZ00000sxf8DQAQ","true","true",""
"001aZ00000sxf8EQAQ","true","true",""
"001aZ00000sxf8FQAQ","true","true",""
"001aZ00000sxf8GQAQ","true","true",""
"001aZ00000sxf8HQAQ","true","true",""
"001aZ00000sxf8IQAQ","true","true",""
"001aZ00000sxf8JQAQ","true","true",""
"001aZ00000sxf8KQAQ","true","true",""
"001aZ00000sxf8LQAQ","true","true",""
"001aZ00000sxf8MQAQ","true","true",""
"001aZ00000sxf8NQAQ","true","true",""
"001aZ00000sxf8OQAQ","true","true",""
"001aZ00000sxf8PQAQ","true","true",""
"001aZ00000sxf8QQAQ","true","true",""
"001aZ00000sxf8RQAQ","true","true",""
"001aZ00000sxf8SQAQ","true","true",""
"001aZ00000sxf8TQAQ","true","true",""
"001aZ00000sxf8UQAQ","true","true",""
"001aZ00000sxf8VQAQ","true","true",""
"001aZ00000sxf8WQAQ","true","true",""
"001aZ00000sxf8XQAQ","true","true",""
"001aZ00000sxf8YQAQ","true","true",""
"001aZ00000sxf8ZQAQ","true","true",""
"001aZ00000sxf8aQAA","true","true",""
"001aZ00000sxf8bQAA","true","true",""
"001aZ00000sxf8cQAA","true","true",""
"001aZ00000sxf8dQAA","true","true",""
"001aZ00000sxf8eQAA","true","true",""
"001aZ00000sxf8fQAA","true","true",""
"001aZ00000sxf8gQAA","true","true",""
"001aZ00000sxf8hQAA","true","true",""
"001aZ00000sxf8iQAA","true","true",""
"001aZ00000sxf8jQAA","true","true",""
"001aZ00000sxf8kQAA","true","true",""
"001aZ00000sxf8lQAA","true","true",""
"001aZ00000sxf8mQAA","true","true",""
"001aZ00000sxf8nQAA","true","true",""
"001aZ00000sxf8oQAA","true","true",""
"001aZ00000sxf8pQAA","true","true",""
"001aZ00000sxf8qQAA","true","true",""
"001aZ00000sxf8rQAA","true","true",""
"001aZ00000sxf8sQAA","true","true",""
"001aZ00000sxf8tQAA","true","true",""
"001aZ00000sxf8uQAA","true","true",""
"001aZ00000sxf8vQAA","true","true",""
"001aZ00000sxf8wQAA","true","true",""
"001aZ00000sxf8xQAA","true","true",""
"001aZ00000sxf8yQAA","true","true",""
"001aZ00000sxf8zQAA","true","true",""
"001aZ00000sxf90QAA","true","true",""
"001aZ00000sxf91QAA","true","true",""
"001aZ00000sxf92QAA","true","true",""
"001aZ00000sxf93QAA","true","true",""
"001aZ00000sxf94QAA","true","true",""
"001aZ00000sxf95QAA","true","true",""
"001aZ00000sxf96QAA","true","true",""
"001aZ00000sxf97QAA","true","true",""
"001aZ00000sxf98QAA","true","true",""
"001aZ00000sxf99QAA","true","true",""
"001aZ00000sxf9AQAQ","true","true",""
"001aZ00000sxf9BQAQ","true","true",""
"001aZ00000sxf9CQAQ","true","true",""
"001aZ00000sxf9DQAQ","true","true",""
"001aZ00000sxf9EQAQ","true","true",""
"001aZ00000sxf9FQAQ","true","true",""
"001aZ00000sxf9GQAQ","true","true",""
"001aZ00000sxf9HQAQ","true","true",""
"001aZ00000sxf9IQAQ","true","true",""
"001aZ00000sxf9JQAQ","true","true",""
"001aZ00000sxf9KQAQ","true","true",""
"001aZ00000sxf9LQAQ","true","true",""
"001aZ00000sxf9MQAQ","true","true",""
"001aZ00000sxf9NQAQ","true","true",""
"001aZ00000sxf9OQAQ","true","true",""
"001aZ00000sxf9PQAQ","true","true",""
"001aZ00000sxf9QQAQ","true","true",""
"001aZ00000sxf9RQAQ","true","true",""
"001aZ00000sxf9SQAQ","true","true",""
"001aZ00000sxf9TQAQ","true","true",""
"001aZ00000sxf9UQAQ","true","true",""
"001aZ00000sxf9VQAQ","true","true",""
"001aZ00000sxf9WQAQ","true","true",""
"001aZ00000sxf9XQAQ","true","true",""
"001aZ00000sxf9YQAQ","true","true",""
"001aZ00000sxf9ZQAQ","true","true",""
"001aZ00000sxf9aQAA","true","true",""
"001aZ00000sxf9bQAA","true","true",""
"001aZ00000sxf9cQAA","true","true",""
"001aZ00000sxf9dQAA","true","true",""
"001aZ00000sxf9eQAA","true","true",""
"001aZ00000sxf9fQAA","true","true",""
"001aZ00000sxf9gQAA","true","true",""
"001aZ00000sxf9hQAA","true","true",""
"001aZ00000sxf9iQAA","true","true",""
"001aZ00000sxf9jQAA","true","true",""
"001aZ00000sxf9kQAA","true","true",""
"001aZ00000sxf9lQAA","true","true",""
"001aZ00000sxf9mQAA","true","true",""
"001aZ00000sxf9nQAA","true","true",""
"001aZ00000sxf9oQAA","true","true",""
"001aZ00000sxf9pQAA","true","true",""
"001aZ00000sxf9qQAA","true","true",""
"001aZ00000sxf9rQAA","true","true",""
"001aZ00000sxf9sQAA","true","true",""
"001aZ00000sxf9tQAA","true","true",""
"001aZ00000sxf9uQAA","true","true",""
"001aZ00000sxf9vQAA","true","true",""
"001aZ00000sxf9wQAA","true","true",""
"001aZ00000sxf9xQAA","true","true",""
"001aZ00000sxf9yQAA","true","true",""
"001aZ00000sxf9zQAA","true","true",""
"001aZ00000sxfA0QAI","true","true",""
"001aZ00000sxfA1QAI","true","true",""
"001aZ00000sxfA2QAI","true","true",""
"001aZ00000sxfA3QAI","true","true",""
"001aZ00000sxfA4QAI","true","true",""
"001aZ00000sxfA5QAI","true","true",""
"001aZ00000sxfA6QAI","true","true",""
"001aZ00000sxfA7QAI","true","true",""
"001aZ00000sxfA8QAI","true","true",""
"001aZ00000sxfA9QAI","true","true",""
"001aZ00000sxfAAQAY","true","true",""
"001aZ00000sxfABQAY","true","true",""
"001aZ00000sxfACQAY","true","true",""
"001aZ00000sxfADQAY","true","true",""
"001aZ00000sxfAEQAY","true","true",""
"001aZ00000sxfAFQAY","true","true",""
"001aZ00000sxfAGQAY","true","true",""
"001aZ00000sxfAHQAY","true","true",""
"001aZ00000sxfAIQAY","true","true",""
"001aZ00000sxfAJQAY","true","true",""
"001aZ00000sxfAKQAY","true","true",""
"001aZ00000sxfALQAY","true","true",""
"001aZ00000sxfAMQAY","true","true",""
"001aZ00000sxfANQAY","true","true",""
"001aZ00000sxfAOQAY","true","true",""
"001aZ00000sxfAPQAY","true","true",""
"001aZ00000sxfAQQAY","true","true",""
"001aZ00000sxfARQAY","true","true",""
"001aZ00000sxfASQAY","true","true",""
"001aZ00000sxfATQAY","true","true",""
"001aZ00000sxfAUQAY","true","true",""
"001aZ00000sxfAVQAY","true","true",""
"001aZ00000sxfAWQAY","true","true",""
"001aZ00000sxfAXQAY","true","true",""
"001aZ00000sxfAYQAY","true","true",""
"001aZ00000sxfAZQAY","true","true",""
"001aZ00000sxfAaQAI","true","true",""
"001aZ00000sxfAbQAI","true","true",""
"001aZ00000sxfAcQAI","true","true",""
"001aZ00000sxfAdQAI","true","true",""
"001aZ00000sxfAeQAI","true","true",""
"001aZ00000sxfAfQAI","true","true",""
"001aZ00000sxfAgQAI","true","true",""
"001aZ00000sxfAhQAI","true","true",""
"001aZ00000sxfAiQAI","true","true",""
"001aZ00000sxfAjQAI","true","true",""
"001aZ00000sxfAkQAI","true","true",""
"001aZ00000sxfAlQAI","true","true",""
"001aZ00000sxfAmQAI","true","true",""
"001aZ00000sxfAnQAI","true","true",""
"001aZ00000sxfAoQAI","true","true",""
"001aZ00000sxfApQAI","true","true",""
"001aZ00000sxfAqQAI","true","true",""
"001aZ00000sxfArQAI","true","true",""
"001aZ00000sxfAsQAI","true","true",""
"001aZ00000sxfAtQAI","true","true",""
"001aZ00000sxfAuQAI","true","true",""
"001aZ00000sxfAvQAI","true","true",""
"001aZ00000sxfAwQAI","true","true",""
"001aZ00000sxfAxQAI","true","true",""
"001aZ00000sxfAyQAI","true","true",""
"001aZ00000sxfAzQAI","true","true",""
"001aZ00000sxfB0QAI","true","true",""
"001aZ00000sxfB1QAI","true","true",""
"001aZ00000sxfB2QAI","true","true",""
"001aZ00000sxfB3QAI","true","true",""
"001aZ00000sxfB4QAI","true","true",""
"001aZ00000sxfB5QAI","true","true",""
"001aZ00000sxfB6QAI","true","true",""
"001aZ00000sxfB7QAI","true","true",""
"001aZ00000sxfB8QAI","true","true",""
"001aZ00000sxfB9QAI","true","true",""
"001aZ00000sxfBAQAY","true","true",""
"001aZ00000sxfBBQAY","true","true",""
"001aZ00000sxfBCQAY","true","true",""
"001aZ00000sxfBDQAY","true","true",""
"001aZ00000sxfBEQAY","true","true",""
"001aZ00000sxfBFQAY","true","true",""
"001aZ00000sxfBGQAY","true","true",""
"001aZ00000sxfBHQAY","true","true",""
"001aZ00000sxfBIQAY","true","true",""
"001aZ00000sxfBJQAY","true","true",""
"001aZ00000sxfBKQAY","true","true",""
"001aZ00000sxfBLQAY","true","true",""
"001aZ00000sxfBMQAY","true","true",""
"001aZ00000sxfBNQAY","true","true",""
"001aZ00000sxfBOQAY","true","true",""
"001aZ00000sxfBPQAY","true","true",""
"001aZ00000sxfBQQAY","true","true",""
"001aZ00000sxfBRQAY","true","true",""
"001aZ00000sxfBSQAY","true","true",""
"001aZ00000sxfBTQAY","true","true",""
"001aZ00000sxfBUQAY","true","true",""
"001aZ00000sxfBVQAY","true","true",""
"001aZ00000sxfBWQAY","true","true",""
"001aZ00000sxfBXQAY","true","true",""
"001aZ00000sxfBYQAY","true","true",""
"001aZ00000sxfBZQAY","true","true",""
"001aZ00000sxfBaQAI","true","true",""
"001aZ00000sxfBbQAI","true","true",""
"001aZ00000sxfBcQAI","true","true",""
"001aZ00000sxfBdQAI","true","true",""
"001aZ00000sxfBeQAI","true","true",""
"001aZ00000sxfBfQAI","true","true",""
"001aZ00000sxfBgQAI","true","true",""
"001aZ00000sxfBhQAI","true","true",""
"001aZ00000sxfBiQAI","true","true",""
"001aZ00000sxfBjQAI","true","true",""
"001aZ00000sxfBkQAI","true","true",""
"001aZ00000sxfBlQAI","true","true",""
"001aZ00000sxfBmQAI","true","true",""
"001aZ00000sxfBnQAI","true","true",""
"001aZ00000sxfBoQAI","true","true",""
"001aZ00000sxfBpQAI","true","true",""
"001aZ00000sxfBqQAI","true","true",""
"001aZ00000sxfBrQAI","true","true",""
"001aZ00000sxfBsQAI","true","true",""
"001aZ00000sxfBtQAI","true","true",""
"001aZ00000sxfBuQAI","true","true",""
"001aZ00000sxfBvQAI","true","true",""
"001aZ00000sxfBwQAI","true","true",""
"001aZ00000sxfBxQAI","true","true",""
"001aZ00000sxfByQAI","true","true",""
"001aZ00000sxfBzQAI","true","true",""
"001aZ00000sxfC0QAI","true","true",""
"001aZ00000sxfC1QAI","true","true",""
"001aZ00000sxfC2QAI","true","true",""
"001aZ00000sxfC3QAI","true","true",""
"001aZ00000sxfC4QAI","true","true",""
"001aZ00000sxfC5QAI","true","true",""
"001aZ00000sxfC6QAI","true","true",""
"001aZ00000sxfC7QAI","true","true",""
"001aZ00000sxfC8QAI","true","true",""
"001aZ00000sxfC9QAI","true","true",""
"001aZ00000sxfCAQAY","true","true",""
"001aZ00000sxfCBQAY","true","true",""
"001aZ00000sxfCCQAY","true","true",""
"001aZ00000sxfCDQAY","true","true",""
"001aZ00000sxfCEQAY","true","true",""
"001aZ00000sxfCFQAY","true","true",""
"001aZ00000sxfCGQAY","true","true",""
"001aZ00000sxfCHQAY","true","true",""
"001aZ00000sxfCIQAY","true","true",""
"001aZ00000sxfCJQAY","true","true",""
"001aZ00000sxfCKQAY","true","true",""
"001aZ00000sxfCLQAY","true","true",""
"001aZ00000sxfCMQAY","true","true",""
"001aZ00000sxfCNQAY","true","true",""
"001aZ00000sxfCOQAY","true","true",""
"001aZ00000sxfCPQAY","true","true",""
"001aZ00000sxfCQQAY","true","true",""
"001aZ00000sxfCRQAY","true","true",""
"001aZ00000sxfCSQAY","true","true",""
"001aZ00000sxfCTQAY","true","true",""
"001aZ00000sxfCUQAY","true","true",""
"001aZ00000sxfCVQAY","true","true",""
"001aZ00000sxfCWQAY","true","true",""
"001aZ00000sxfCXQAY","true","true",""
"001aZ00000sxfCYQAY","true","true",""
"001aZ00000sxfCZQAY","true","true",""
"001aZ00000sxfCaQAI","true","true",""
"001aZ00000sxfCbQAI","true","true",""
"001aZ00000sxfCcQAI","true","true",""
"001aZ00000sxfCdQAI","true","true",""
"001aZ00000sxfCeQAI","true","true",""
"001aZ00000sxfCfQAI","true","true",""
"001aZ00000sxfCgQAI","true","true",""
"001aZ00000sxfChQAI","true","true",""
"001aZ00000sxfCiQAI","true","true",""
"001aZ00000sxfCjQAI","true","true",""
"001aZ00000sxfCkQAI","true","true",""
"001aZ00000sxfClQAI","true","true",""
"001aZ00000sxfCmQAI","true","true",""
"001aZ00000sxfCnQAI","true","true",""
"001aZ00000sxfCoQAI","true","true",""
"001aZ00000sxfCpQAI","true","true",""
"001aZ00000sxfCqQAI","true","true",""
"001aZ00000sxfCrQAI","true","true",""
"001aZ00000sxfCsQAI","true","true",""
"001aZ00000sxfCtQAI","true","true",""
"001aZ00000sxfCuQAI","true","true",""
"001aZ00000sxfCvQAI","true","true",""
"001aZ00000sxfCwQAI","true","true",""
"001aZ00000sxfCxQAI","true","true",""
"001aZ00000sxfCyQAI","true","true",""
"001aZ00000sxfCzQAI","true","true",""
"001aZ00000sxfD0QAI","true","true",""
"001aZ00000sxfD1QAI","true","true",""
"001aZ00000sxfD2QAI","true","true",""
"001aZ00000sxfD3QAI","true","true",""
"001aZ00000sxfD4QAI","true","true",""
"001aZ00000sxfD5QAI","true","true",""
"001aZ00000sxfD6QAI","true","true",""
"001aZ00000sxfD7QAI","true","true",""
"001aZ00000sxfD8QAI","true","true",""
"001aZ00000sxfD9QAI","true","true",""
"001aZ00000sxfDAQAY","true","true",""
"001aZ00000sxfDBQAY","true","true",""
"001aZ00000sxfDCQAY","true","true",""
"001aZ00000sxfDDQAY","true","true",""
"001aZ00000sxfDEQAY","true","true",""
"001aZ00000sxfDFQAY","true","true",""
"001aZ00000sxfDGQAY","true","true",""
"001aZ00000sxfDHQAY","true","true",""
"001aZ00000sxfDIQAY","true","true",""
"001aZ00000sxfDJQAY","true","true",""
"001aZ00000sxfDKQAY","true","true",""
"001aZ00000sxfDLQAY","true","true",""
"001aZ00000sxfDMQAY","true","true",""
"001aZ00000sxfDNQAY","true","true",""
"001aZ00000sxfDOQAY","true","true",""
"001aZ00000sxfDPQAY","true","true",""
"001aZ00000sxfDQQAY","true","true",""
"001aZ00000sxfDRQAY","true","true",""
"001aZ00000sxfDSQAY","true","true",""
"001aZ00000sxfDTQAY","true","true",""
"001aZ00000sxfDUQAY","true","true",""
"001aZ00000sxfDVQAY","true","true",""
"001aZ00000sxfDWQAY","true","true",""
"001aZ00000sxfDXQAY","true","true",""
"001aZ00000sxfDYQAY","true","true",""
"001aZ00000sxfDZQAY","true","true",""
"001aZ00000sxfDaQAI","true","true",""
"001aZ00000sxfDbQAI","true","true",""
"001aZ00000sxfDcQAI","true","true",""
"001aZ00000sxfDdQAI","true","true",""
"001aZ00000sxfDeQAI","true","true",""
"001aZ00000sxfDfQAI","true","true",""
"001aZ00000sxfDgQAI","true","true",""
"001aZ00000sxfDhQAI","true","true",""
"001aZ00000sxfDiQAI","true","true",""
"001aZ00000sxfDjQAI","true","true",""
"001aZ00000sxfDkQAI","true","true",""
"001aZ00000sxfDlQAI","true","true",""
"001aZ00000sxfDmQAI","true","true",""
"001aZ00000sxfDnQAI","true","true",""
"001aZ00000sxfDoQAI","true","true",""
"001aZ00000sxfDpQAI","true","true",""
"001aZ00000sxfDqQAI","true","true",""
"001aZ00000sxfDrQAI","true","true",""
"001aZ00000sxfDsQAI","true","true",""
"001aZ00000sxfDtQAI","true","true",""
"001aZ00000sxfDuQAI","true","true",""
"001aZ00000sxfDvQAI","true","true",""
"001aZ00000sxfDwQAI","true","true",""
"001aZ00000sxfDxQAI","true","true",""
"001aZ00000sxfDyQAI","true","true",""
"001aZ00000sxfDzQAI","true","true",""
"001aZ00000sxfE0QAI","true","true",""
"001aZ00000sxfE1QAI","true","true",""
"001aZ00000sxfE2QAI","true","true",""
"001aZ00000sxfE3QAI","true","true",""
"001aZ00000sxfE4QAI","true","true",""
"001aZ00000sxfE5QAI","true","true",""
"001aZ00000sxfE6QAI","true","true",""
"001aZ00000sxfE7QAI","true","true",""
"001aZ00000sxfE8QAI","true","true",""
"001aZ00000sxfE9QAI","true","true",""
"001aZ00000sxfEAQAY","true","true",""
"001aZ00000sxfEBQAY","true","true",""
"001aZ00000sxfECQAY","true","true",""
"001aZ00000sxfEDQAY","true","true",""
"001aZ00000sxfEEQAY","true","true",""
"001aZ00000sxfEFQAY","true","true",""
"001aZ00000sxfEGQAY","true","true",""
"001aZ00000sxfEHQAY","true","true",""
"001aZ00000sxfEIQAY","true","true",""
"001aZ00000sxfEJQAY","true","true",""
"001aZ00000sxfEKQAY","true","true",""
"001aZ00000sxfELQAY","true","true",""
"001aZ00000sxfEMQAY","true","true",""
"001aZ00000sxfENQAY","true","true",""
"001aZ00000sxfEOQAY","true","true",""
"001aZ00000sxfEPQAY","true","true",""
"001aZ00000sxfEQQAY","true","true",""
"001aZ00000sxfERQAY","true","true",""
"001aZ00000sxfESQAY","true","true",""
"001aZ00000sxfETQAY","true","true",""
"001aZ00000sxfEUQAY","true","true",""
"001aZ00000sxfEVQAY","true","true",""
"001aZ00000sxfEWQAY","true","true",""
"001aZ00000sxfHlQAI","true","true",""
"001aZ00000sxfHmQAI","true","true",""
"001aZ00000sxfHnQAI","true","true",""
"001aZ00000sxfHoQAI","true","true",""
"001aZ00000sxfHpQAI","true","true",""
"001aZ00000sxfHqQAI","true","true",""
"001aZ00000sxfHrQAI","true","true",""
"001aZ00000sxfHsQAI","true","true",""
"001aZ00000sxfHtQAI","true","true",""
"001aZ00000sxfHuQAI","true","true",""
"001aZ00000sxfHvQAI","true","true",""
"001aZ00000sxfHwQAI","true","true",""
"001aZ00000sxfHxQAI","true","true",""
"001aZ00000sxfHyQAI","true","true",""
"001aZ00000sxfHzQAI","true","true",""
"001aZ00000sxfI0QAI","true","true",""
"001aZ00000sxfI1QAI","true","true",""
"001aZ00000sxfI2QAI","true","true",""
"001aZ00000sxfI3QAI","true","true",""
"001aZ00000sxfI4QAI","true","true",""
"001aZ00000sxfI5QAI","true","true",""
"001aZ00000sxfI6QAI","true","true",""
"001aZ00000sxfI7QAI","true","true",""
"001aZ00000sxfI8QAI","true","true",""
"001aZ00000sxfI9QAI","true","true",""
"001aZ00000sxfIAQAY","true","true",""
"001aZ00000sxfIBQAY","true","true",""
"001aZ00000sxfICQAY","true","true",""
"001aZ00000sxfIDQAY","true","true",""
"001aZ00000sxfIEQAY","true","true",""
"001aZ00000sxfIFQAY","true","true",""
"001aZ00000sxfIGQAY","true","true",""
"001aZ00000sxfIHQAY","true","true",""
"001aZ00000sxfIIQAY","true","true",""
"001aZ00000sxfIJQAY","true","true",""
"001aZ00000sxfIKQAY","true","true",""
"001aZ00000sxfILQAY","true","true",""
"001aZ00000sxfIMQAY","true","true",""
"001aZ00000sxfINQAY","true","true",""
"001aZ00000sxfIOQAY","true","true",""
"001aZ00000sxfIPQAY","true","true",""
"001aZ00000sxfIQQAY","true","true",""
"001aZ00000sxfIRQAY","true","true",""
"001aZ00000sxfISQAY","true","true",""
"001aZ00000sxfITQAY","true","true",""
"001aZ00000sxfIUQAY","true","true",""
"001aZ00000sxfIVQAY","true","true",""
"001aZ00000sxfIWQAY","true","true",""
"001aZ00000sxfIXQAY","true","true",""
"001aZ00000sxfIYQAY","true","true",""
"001aZ00000sxfIZQAY","true","true",""
"001aZ00000sxfIaQAI","true","true",""
"001aZ00000sxfIbQAI","true","true",""
"001aZ00000sxfIcQAI","true","true",""
"001aZ00000sxfIdQAI","true","true",""
"001aZ00000sxfIeQAI","true","true",""
"001aZ00000sxfIfQAI","true","true",""
"001aZ00000sxfIgQAI","true","true",""
"001aZ00000sxfIhQAI","true","true",""
"001aZ00000sxfIiQAI","true","true",""
"001aZ00000sxfIjQAI","true","true",""
"001aZ00000sxfIkQAI","true","true",""
"001aZ00000sxfIlQAI","true","true",""
"001aZ00000sxfImQAI","true","true",""
"001aZ00000sxfInQAI","true","true",""
"001aZ00000sxfIoQAI","true","true",""
"001aZ00000sxfIpQAI","true","true",""
"001aZ00000sxfIqQAI","true","true",""
"001aZ00000sxfIrQAI","true","true",""
"001aZ00000sxfIsQAI","true","true",""
"001aZ00000sxfItQAI","true","true",""
"001aZ00000sxfIuQAI","true","true",""
"001aZ00000sxfIvQAI","true","true",""
"001aZ00000sxfIwQAI","true","true",""
"001aZ00000sxfIxQAI","true","true",""
"001aZ00000sxfIyQAI","true","true",""
"001aZ00000sxfIzQAI","true","true",""
"001aZ00000sxfJ0QAI","true","true",""
"001aZ00000sxfJ1QAI","true","true",""
"001aZ00000sxfJ2QAI","true","true",""
"001aZ00000sxfJ3QAI","true","true",""
"001aZ00000sxfJ4QAI","true","true",""
"001aZ00000sxfJ5QAI","true","true",""
"001aZ00000sxfJ6QAI","true","true",""
"001aZ00000sxfJ7QAI","true","true",""
"001aZ00000sxfJ8QAI","true","true",""
"001aZ00000sxfJ9QAI","true","true",""
"001aZ00000sxfJAQAY","true","true",""
"001aZ00000sxfJBQAY","true","true",""
"001aZ00000sxfJCQAY","true","true",""
"001aZ00000sxfJDQAY","true","true",""
"001aZ00000sxfJEQAY","true","true",""
"001aZ00000sxfJFQAY","true","true",""
"001aZ00000sxfJGQAY","true","true",""
"001aZ00000sxfJHQAY","true","true",""
"001aZ00000sxfJIQAY","true","true",""
"001aZ00000sxfJJQAY","true","true",""
"001aZ00000sxfJKQAY","true","true",""
"001aZ00000sxfJLQAY","true","true",""
"001aZ00000sxfJMQAY","true","true",""
"001aZ00000sxfJNQAY","true","true",""
"001aZ00000sxfJOQAY","true","true",""
"001aZ00000sxfJPQAY","true","true",""
"001aZ00000sxfJQQAY","true","true",""
"001aZ00000sxfJRQAY","true","true",""
"001aZ00000sxfJSQAY","true","true",""
"001aZ00000sxfJTQAY","true","true",""
"001aZ00000sxfJUQAY","true","true",""
"001aZ00000sxfJVQAY","true","true",""
"001aZ00000sxfJWQAY","true","true",""
"001aZ00000sxfJXQAY","true","true",""
"001aZ00000sxfJYQAY","true","true",""
"001aZ00000sxfJZQAY","true","true",""
"001aZ00000sxfJaQAI","true","true",""
"001aZ00000sxfJbQAI","true","true",""
"001aZ00000sxfJcQAI","true","true",""
"001aZ00000sxfJdQAI","true","true",""
"001aZ00000sxfJeQAI","true","true",""
"001aZ00000sxfJfQAI","true","true",""
"001aZ00000sxfJgQAI","true","true",""
"001aZ00000sxfJhQAI","true","true",""
"001aZ00000sxfJiQAI","true","true",""
"001aZ00000sxfJjQAI","true","true",""
"001aZ00000sxfJkQAI","true","true",""
"001aZ00000sxfJlQAI","true","true",""
"001aZ00000sxfJmQAI","true","true",""
"001aZ00000sxfJnQAI","true","true",""
"001aZ00000sxfJoQAI","true","true",""
"001aZ00000sxfJpQAI","true","true",""
"001aZ00000sxfJqQAI","true","true",""
"001aZ00000sxfJrQAI","true","true",""
"001aZ00000sxfJsQAI","true","true",""
"001aZ00000sxfJtQAI","true","true",""
"001aZ00000sxfJuQAI","true","true",""
"001aZ00000sxfJvQAI","true","true",""
"001aZ00000sxfJwQAI","true","true",""
"001aZ00000sxfJxQAI","true","true",""
"001aZ00000sxfJyQAI","true","true",""
"001aZ00000sxfJzQAI","true","true",""
"001aZ00000sxfK0QAI","true","true",""
"001aZ00000sxfK1QAI","true","true",""
"001aZ00000sxfK2QAI","true","true",""
"001aZ00000sxfK3QAI","true","true",""
"001aZ00000sxfK4QAI","true","true",""
"001aZ00000sxfK5QAI","true","true",""
"001aZ00000sxfK6QAI","true","true",""
"001aZ00000sxfK7QAI","true","true",""
"001aZ00000sxfK8QAI","true","true",""
"001aZ00000sxfK9QAI","true","true",""
"001aZ00000sxfKAQAY","true","true",""
"001aZ00000sxfKBQAY","true","true",""
"001aZ00000sxfKCQAY","true","true",""
"001aZ00000sxfKDQAY","true","true",""
"001aZ00000sxfKEQAY","true","true",""
"001aZ00000sxfKFQAY","true","true",""
"001aZ00000sxfKGQAY","true","true",""
"001aZ00000sxfKHQAY","true","true",""
"001aZ00000sxfKIQAY","true","true",""
"001aZ00000sxfKJQAY","true","true",""
"001aZ00000sxfKKQAY","true","true",""
"001aZ00000sxfKLQAY","true","true",""
"001aZ00000sxfKMQAY","true","true",""
"001aZ00000sxfKNQAY","true","true",""
"001aZ00000sxfKOQAY","true","true",""
"001aZ00000sxfKPQAY","true","true",""
"001aZ00000sxfKQQAY","true","true",""
"001aZ00000sxfKRQAY","true","true",""
"001aZ00000sxfKSQAY","true","true",""
"001aZ00000sxfKTQAY","true","true",""
"001aZ00000sxfKUQAY","true","true",""
"001aZ00000sxfKVQAY","true","true",""
"001aZ00000sxfKWQAY","true","true",""
"001aZ00000sxfKXQAY","true","true",""
"001aZ00000sxfKYQAY","true","true",""
"001aZ00000sxfKZQAY","true","true",""
"001aZ00000sxfKaQAI","true","true",""
"001aZ00000sxfKbQAI","true","true",""
"001aZ00000sxfKcQAI","true","true",""
"001aZ00000sxfKdQAI","true","true",""
"001aZ00000sxfKeQAI","true","true",""
"001aZ00000sxfKfQAI","true","true",""
"001aZ00000sxfKgQAI","true","true",""
"001aZ00000sxfKhQAI","true","true",""
"001aZ00000sxfKiQAI","true","true",""
"001aZ00000sxfKjQAI","true","true",""
"001aZ00000sxfKkQAI","true","true",""
"001aZ00000sxfKlQAI","true","true",""
"001aZ00000sxfKmQAI","true","true",""
"001aZ00000sxfKnQAI","true","true",""
"001aZ00000sxfKoQAI","true","true",""
"001aZ00000sxfKpQAI","true","true",""
"001aZ00000sxfKqQAI","true","true",""
"001aZ00000sxfKrQAI","true","true",""
"001aZ00000sxfKsQAI","true","true",""
"001aZ00000sxfKtQAI","true","true",""
"001aZ00000sxfKuQAI","true","true",""
"001aZ00000sxfKvQAI","true","true",""
"001aZ00000sxfKwQAI","true","true",""
"001aZ00000sxfKxQAI","true","true",""
"001aZ00000sxfKyQAI","true","true",""
"001aZ00000sxfMbQAI","true","true",""
"001aZ00000sxfMcQAI","true","true",""
"001aZ00000sxfMdQAI","true","true",""
"001aZ00000sxfMeQAI","true","true",""
"001aZ00000sxfMfQAI","true","true",""
"001aZ00000sxfMgQAI","true","true",""
"001aZ00000sxfMhQAI","true","true",""
"001aZ00000sxfMiQAI","true","true",""
"001aZ00000sxfMjQAI","true","true",""
"001aZ00000sxfMkQAI","true","true",""
"001aZ00000sxfMlQAI","true","true",""
"001aZ00000sxfMmQAI","true","true",""
"001aZ00000sxfMnQAI","true","true",""
"001aZ00000sxfMoQAI","true","true",""
"001aZ00000sxfMpQAI","true","true",""
"001aZ00000sxfMqQAI","true","true",""
"001aZ00000sxfMrQAI","true","true",""
"001aZ00000sxfMsQAI","true","true",""
"001aZ00000sxfMtQAI","true","true",""
"001aZ00000sxfMuQAI","true","true",""
"001aZ00000sxfMvQAI","true","true",""
"001aZ00000sxfMwQAI","true","true",""
"001aZ00000sxfMxQAI","true","true",""
"001aZ00000sxfMyQAI","true","true",""
"001aZ00000sxfMzQAI","true","true",""
"001aZ00000sxfN0QAI","true","true",""
"001aZ00000sxfN1QAI","true","true",""
"001aZ00000sxfN2QAI","true","true",""
"001aZ00000sxfN3QAI","true","true",""
"001aZ00000sxfN4QAI","true","true",""
"001aZ00000sxfN5QAI","true","true",""
"001aZ00000sxfN6QAI","true","true",""
"001aZ00000sxfN7QAI","true","true",""
"001aZ00000sxfN8QAI","true","true",""
"001aZ00000sxfN9QAI","true","true",""
"001aZ00000sxfNAQAY","true","true",""
"001aZ00000sxfNBQAY","true","true",""
"001aZ00000sxfNCQAY","true","true",""
"001aZ00000sxfNDQAY","true","true",""
"001aZ00000sxfNEQAY","true","true",""
"001aZ00000sxfNFQAY","true","true",""
"001aZ00000sxfNGQAY","true","true",""
"001aZ00000sxfNHQAY","true","true",""
"001aZ00000sxfNIQAY","true","true",""
"001aZ00000sxfNJQAY","true","true",""
"001aZ00000sxfNKQAY","true","true",""
"001aZ00000sxfNLQAY","true","true",""
"001aZ00000sxfNMQAY","true","true",""
"001aZ00000sxfNNQAY","true","true",""
"001aZ00000sxfNOQAY","true","true",""
"001aZ00000sxfNPQAY","true","true",""
"001aZ00000sxfNQQAY","true","true",""
"001aZ00000sxfNRQAY","true","true",""
"001aZ00000sxfNSQAY","true","true",""
"001aZ00000sxfNTQAY","true","true",""
"001aZ00000sxfNUQAY","true","true",""
"001aZ00000sxfNVQAY","true","true",""
"001aZ00000sxfNWQAY","true","true",""
"001aZ00000sxfNXQAY","true","true",""
"001aZ00000sxfNYQAY","true","true",""
"001aZ00000sxfNZQAY","true","true",""
"001aZ00000sxfNaQAI","true","true",""
"001aZ00000sxfNbQAI","true","true",""
"001aZ00000sxfNcQAI","true","true",""
"001aZ00000sxfNdQAI","true","true",""
"001aZ00000sxfNeQAI","true","true",""
"001aZ00000sxfNfQAI","true","true",""
"001aZ00000sxfNgQAI","true","true",""
"001aZ00000sxfNhQAI","true","true",""
"001aZ00000sxfNiQAI","true","true",""
"001aZ00000sxfNjQAI","true","true",""
"001aZ00000sxfNkQAI","true","true",""
"001aZ00000sxfNlQAI","true","true",""
"001aZ00000sxfNmQAI","true","true",""
"001aZ00000sxfNnQAI","true","true",""
"001aZ00000sxfNoQAI","true","true",""
"001aZ00000sxfNpQAI","true","true",""
"001aZ00000sxfNqQAI","true","true",""
"001aZ00000sxfNrQAI","true","true",""
"001aZ00000sxfNsQAI","true","true",""
"001aZ00000sxfNtQAI","true","true",""
"001aZ00000sxfNuQAI","true","true",""
"001aZ00000sxfNvQAI","true","true",""
"001aZ00000sxfNwQAI","true","true",""
"001aZ00000sxfNxQAI","true","true",""
"001aZ00000sxfNyQAI","true","true",""
"001aZ00000sxfNzQAI","true","true",""
"001aZ00000sxfO0QAI","true","true",""
"001aZ00000sxfO1QAI","true","true",""
"001aZ00000sxfO2QAI","true","true",""
"001aZ00000sxfO3QAI","true","true",""
"001aZ00000sxfO4QAI","true","true",""
"001aZ00000sxfO5QAI","true","true",""
"001aZ00000sxfO6QAI","true","true",""
"001aZ00000sxfO7QAI","true","true",""
"001aZ00000sxfO8QAI","true","true",""
"001aZ00000sxfO9QAI","true","true",""
"001aZ00000sxfOAQAY","true","true",""
"001aZ00000sxfOBQAY","true","true",""
"001aZ00000sxfOCQAY","true","true",""
"001aZ00000sxfODQAY","true","true",""
"001aZ00000sxfRRQAY","true","true",""
"001aZ00000sxfRSQAY","true","true",""
"001aZ00000sxfRTQAY","true","true",""
"001aZ00000sxfRUQAY","true","true",""
"001aZ00000sxfRVQAY","true","true",""
"001aZ00000sxfRWQAY","true","true",""
"001aZ00000sxfRXQAY","true","true",""
"001aZ00000sxfRYQAY","true","true",""
"001aZ00000sxfRZQAY","true","true",""
"001aZ00000sxfRaQAI","true","true",""
"001aZ00000sxfRbQAI","true","true",""
"001aZ00000sxfRcQAI","true","true",""
"001aZ00000sxfRdQAI","true","true",""
"001aZ00000sxfReQAI","true","true",""
"001aZ00000sxfRfQAI","true","true",""
"001aZ00000sxfRgQAI","true","true",""
"001aZ00000sxfRhQAI","true","true",""
"001aZ00000sxfRiQAI","true","true",""
"001aZ00000sxfRjQAI","true","true",""
"001aZ00000sxfRkQAI","true","true",""
"001aZ00000sxfRlQAI","true","true",""
"001aZ00000sxfRmQAI","true","true",""
"001aZ00000sxfRnQAI","true","true",""
"001aZ00000sxfRoQAI","true","true",""
"001aZ00000sxfRpQAI","true","true",""
"001aZ00000sxfRqQAI","true","true",""
"001aZ00000sxfRrQAI","true","true",""
"001aZ00000sxfRsQAI","true","true",""
"001aZ00000sxfRtQAI","true","true",""
"001aZ00000sxfRuQAI","true","true",""
"001aZ00000sxfRvQAI","true","true",""
"001aZ00000sxfRwQAI","true","true",""
"001aZ00000sxfRxQAI","true","true",""
"001aZ00000sxfRyQAI","true","true",""
"001aZ00000sxfRzQAI","true","true",""
"001aZ00000sxfS0QAI","true","true",""
"001aZ00000sxfS1QAI","true","true",""
"001aZ00000sxfS2QAI","true","true",""
"001aZ00000sxfS3QAI","true","true",""
"001aZ00000sxfS4QAI","true","true",""
"001aZ00000sxfS5QAI","true","true",""
"001aZ00000sxfS6QAI","true","true",""
"001aZ00000sxfS7QAI","true","true",""
"001aZ00000sxfS8QAI","true","true",""
"001aZ00000sxfS9QAI","true","true",""
"001aZ00000sxfSAQAY","true","true",""
"001aZ00000sxfSBQAY","true","true",""
"001aZ00000sxfSCQAY","true","true",""
"001aZ00000sxfSDQAY","true","true",""
"001aZ00000sxfSEQAY","true","true",""
"001aZ00000sxfSFQAY","true","true",""
"001aZ00000sxfSGQAY","true","true",""
"001aZ00000sxfSHQAY","true","true",""
"001aZ00000sxfSIQAY","true","true",""
"001aZ00000sxfSJQAY","true","true",""
"001aZ00000sxfSKQAY","true","true",""
"001aZ00000sxfSLQAY","true","true",""
"001aZ00000sxfSMQAY","true","true",""
"001aZ00000sxfSNQAY","true","true",""
"001aZ00000sxfSOQAY","true","true",""
"001aZ00000sxfSPQAY","true","true",""
"001aZ00000sxfSQQAY","true","true",""
"001aZ00000sxfSRQAY","true","true",""
"001aZ00000sxfSSQAY","true","true",""
"001aZ00000sxfSTQAY","true","true",""
"001aZ00000sxfSUQAY","true","true",""
"001aZ00000sxfSVQAY","true","true",""
"001aZ00000sxfSWQAY","true","true",""
"001aZ00000sxfSXQAY","true","true",""
"001aZ00000sxfSYQAY","true","true",""
"001aZ00000sxfSZQAY","true","true",""
"001aZ00000sxfSaQAI","true","true",""
"001aZ00000sxfSbQAI","true","true",""
"001aZ00000sxfScQAI","true","true",""
"001aZ00000sxfSdQAI","true","true",""
"001aZ00000sxfSeQAI","true","true",""
"001aZ00000sxfSfQAI","true","true",""
"001aZ00000sxfSgQAI","true","true",""
"001aZ00000sxfShQAI","true","true",""
"001aZ00000sxfSiQAI","true","true",""
"001aZ00000sxfSjQAI","true","true",""
"001aZ00000sxfSkQAI","true","true",""
"001aZ00000sxfSlQAI","true","true",""
"001aZ00000sxfSmQAI","true","true",""
"001aZ00000sxfSnQAI","true","true",""
"001aZ00000sxfSoQAI","true","true",""
"001aZ00000sxfSpQAI","true","true",""
"001aZ00000sxfSqQAI","true","true",""
"001aZ00000sxfSrQAI","true","true",""
"001aZ00000sxfSsQAI","true","true",""
"001aZ00000sxfStQAI","true","true",""
"001aZ00000sxfSuQAI","true","true",""
"001aZ00000sxfSvQAI","true","true",""
"001aZ00000sxfSwQAI","true","true",""
"001aZ00000sxfSxQAI","true","true",""
"001aZ00000sxfSyQAI","true","true",""
"001aZ00000sxfSzQAI","true","true",""
"001aZ00000sxfT0QAI","true","true",""
"001aZ00000sxfT1QAI","true","true",""
"001aZ00000sxfT2QAI","true","true",""
"001aZ00000sxfT3QAI","true","true",""
"001aZ00000sxfT4QAI","true","true",""
"001aZ00000sxfT5QAI","true","true",""
"001aZ00000sxfT6QAI","true","true",""
"001aZ00000sxfT7QAI","true","true",""
"001aZ00000sxfT8QAI","true","true",""
"001aZ00000sxfT9QAI","true","true",""
"001aZ00000sxfTAQAY","true","true",""
"001aZ00000sxfTBQAY","true","true",""
"001aZ00000sxfTCQAY","true","true",""
"001aZ00000sxfTDQAY","true","true",""
"001aZ00000sxfTEQAY","true","true",""
"001aZ00000sxfTFQAY","true","true",""
"001aZ00000sxfTGQAY","true","true",""
"001aZ00000sxfTHQAY","true","true",""
"001aZ00000sxfTIQAY","true","true",""
"","false","false","DUPLICATES_DETECTED:You are creating a duplicate record. We recommend you use an existing record instead.:--"
"001aZ00000sxfTJQAY","true","true",""
"001aZ00000sxfTKQAY","true","true",""
"001aZ00000sxfTLQAY","true","true",""
"001aZ00000sxfTMQAY","true","true",""
"001aZ00000sxfTNQAY","true","true",""
"001aZ00000sxfTOQAY","true","true",""
"001aZ00000sxfTPQAY","true","true",""
"001aZ00000sxfTQQAY","true","true",""
"001aZ00000sxfTRQAY","true","true",""
"001aZ00000sxfTSQAY","true","true",""
"001aZ00000sxfTTQAY","true","true",""
"001aZ00000sxfTUQAY","true","true",""
"001aZ00000sxfTVQAY","true","true",""
"001aZ00000sxfTWQAY","true","true",""
"001aZ00000sxfTXQAY","true","true",""
"001aZ00000sxfTYQAY","true","true",""
"001aZ00000sxfTZQAY","true","true",""
"001aZ00000sxfTaQAI","true","true",""
"001aZ00000sxfTbQAI","true","true",""
"001aZ00000sxfTcQAI","true","true",""
"001aZ00000sxfTdQAI","true","true",""
"001aZ00000sxfTeQAI","true","true",""
"001aZ00000sxfTfQAI","true","true",""
"001aZ00000sxfTgQAI","true","true",""
"001aZ00000sxfThQAI","true","true",""
"001aZ00000sxfTiQAI","true","true",""
"001aZ00000sxfTjQAI","true","true",""
"001aZ00000sxfTkQAI","true","true",""
"001aZ00000sxfTlQAI","true","true",""
"001aZ00000sxfTmQAI","true","true",""
"001aZ00000sxfTnQAI","true","true",""
"001aZ00000sxfToQAI","true","true",""
"001aZ00000sxfTpQAI","true","true",""
"001aZ00000sxfTqQAI","true","true",""
"001aZ00000sxfTrQAI","true","true",""
"001aZ00000sxfTsQAI","true","true",""
"001aZ00000sxfTtQAI","true","true",""
"001aZ00000sxfTuQAI","true","true",""
"001aZ00000sxfTvQAI","true","true",""
"001aZ00000sxfTwQAI","true","true",""
"001aZ00000sxfTxQAI","true","true",""
"001aZ00000sxfTyQAI","true","true",""
"001aZ00000sxfTzQAI","true","true",""
"001aZ00000sxfU0QAI","true","true",""
"001aZ00000sxfU1QAI","true","true",""
"001aZ00000sxfU2QAI","true","true",""
"001aZ00000sxfU3QAI","true","true",""
"001aZ00000sxfU4QAI","true","true",""
"001aZ00000sxfU5QAI","true","true",""
"001aZ00000sxfU6QAI","true","true",""
"001aZ00000sxfU7QAI","true","true",""
"001aZ00000sxfU8QAI","true","true",""
"001aZ00000sxfU9QAI","true","true",""
"001aZ00000sxfUAQAY","true","true",""
"001aZ00000sxfUBQAY","true","true",""
"001aZ00000sxfUCQAY","true","true",""
"001aZ00000sxfUDQAY","true","true",""
"001aZ00000sxfUEQAY","true","true",""
"001aZ00000sxfUFQAY","true","true",""
"001aZ00000sxfUGQAY","true","true",""
"001aZ00000sxfUHQAY","true","true",""
"001aZ00000sxfUIQAY","true","true",""
"001aZ00000sxfUJQAY","true","true",""
"001aZ00000sxfUKQAY","true","true",""
"001aZ00000sxfULQAY","true","true",""
"001aZ00000sxfUMQAY","true","true",""
"001aZ00000sxfUNQAY","true","true",""
"001aZ00000sxfUOQAY","true","true",""
"001aZ00000sxfUPQAY","true","true",""
"001aZ00000sxfUQQAY","true","true",""
"001aZ00000sxfURQAY","true","true",""
"001aZ00000sxfUSQAY","true","true",""
"001aZ00000sxfUTQAY","true","true",""
"001aZ00000sxfUUQAY","true","true",""
"001aZ00000sxfUVQAY","true","true",""
"001aZ00000sxfUWQAY","true","true",""
"001aZ00000sxfUXQAY","true","true",""
"001aZ00000sxfUYQAY","true","true",""
"001aZ00000sxfUZQAY","true","true",""
"001aZ00000sxfUaQAI","true","true",""
"001aZ00000sxfUbQAI","true","true",""
"001aZ00000sxfUcQAI","true","true",""
"001aZ00000sxfUdQAI","true","true",""
"001aZ00000sxfUeQAI","true","true",""
"001aZ00000sxfUfQAI","true","true",""
"001aZ00000sxfUgQAI","true","true",""
"001aZ00000sxfUhQAI","true","true",""
"001aZ00000sxfUiQAI","true","true",""
"001aZ00000sxfUjQAI","true","true",""
"001aZ00000sxfUkQAI","true","true",""
"001aZ00000sxfUlQAI","true","true",""
"001aZ00000sxfUmQAI","true","true",""
"001aZ00000sxfUnQAI","true","true",""
"001aZ00000sxfUoQAI","true","true",""
"001aZ00000sxfUpQAI","true","true",""
"001aZ00000sxfUqQAI","true","true",""
"001aZ00000sxfUrQAI","true","true",""
"001aZ00000sxfUsQAI","true","true",""
"001aZ00000sxfUtQAI","true","true",""
"001aZ00000sxfUuQAI","true","true",""
"001aZ00000sxfUvQAI","true","true",""
"001aZ00000sxfUwQAI","true","true",""
"001aZ00000sxfUxQAI","true","true",""
"001aZ00000sxfUyQAI","true","true",""
"001aZ00000sxfUzQAI","true","true",""
"001aZ00000sxfV0QAI","true","true",""
"001aZ00000sxfV1QAI","true","true",""
"001aZ00000sxfV2QAI","true","true",""
"001aZ00000sxfV3QAI","true","true",""
"001aZ00000sxfV4QAI","true","true",""
"001aZ00000sxfV5QAI","true","true",""
"001aZ00000sxfV6QAI","true","true",""
"001aZ00000sxfV7QAI","true","true",""
"001aZ00000sxfV8QAI","true","true",""
"001aZ00000sxfV9QAI","true","true",""
"001aZ00000sxfVAQAY","true","true",""
"001aZ00000sxfVBQAY","true","true",""
"001aZ00000sxfVCQAY","true","true",""
"001aZ00000sxfVDQAY","true","true",""
"001aZ00000sxfVEQAY","true","true",""
"001aZ00000sxfVFQAY","true","true",""
"001aZ00000sxfVGQAY","true","true",""
"001aZ00000sxfVHQAY","true","true",""
"001aZ00000sxfVIQAY","true","true",""
"001aZ00000sxfVJQAY","true","true",""
"001aZ00000sxfVKQAY","true","true",""
"001aZ00000sxfVLQAY","true","true",""
"001aZ00000sxfVMQAY","true","true",""
"001aZ00000sxfVNQAY","true","true",""
"001aZ00000sxfVOQAY","true","true",""
"001aZ00000sxfVPQAY","true","true",""
"001aZ00000sxfVQQAY","true","true",""
"001aZ00000sxfVRQAY","true","true",""
"001aZ00000sxfVSQAY","true","true",""
"001aZ00000sxfVTQAY","true","true",""
"001aZ00000sxfVUQAY","true","true",""
"001aZ00000sxfVVQAY","true","true",""
"001aZ00000sxfVWQAY","true","true",""
"001aZ00000sxfVXQAY","true","true",""
"001aZ00000sxfVYQAY","true","true",""
"001aZ00000sxfVZQAY","true","true",""
"001aZ00000sxfVaQAI","true","true",""
"001aZ00000sxfVbQAI","true","true",""
"001aZ00000sxfVcQAI","true","true",""
"001aZ00000sxfVdQAI","true","true",""
"001aZ00000sxfVeQAI","true","true",""
"001aZ00000sxfVfQAI","true","true",""
"001aZ00000sxfVgQAI","true","true",""
"001aZ00000sxfVhQAI","true","true",""
"001aZ00000sxfViQAI","true","true",""
"001aZ00000sxfVjQAI","true","true",""
"001aZ00000sxfVkQAI","true","true",""
"001aZ00000sxfVlQAI","true","true",""
"001aZ00000sxfVmQAI","true","true",""
"001aZ00000sxfVnQAI","true","true",""
"001aZ00000sxfVoQAI","true","true",""
"001aZ00000sxfVpQAI","true","true",""
"001aZ00000sxfVqQAI","true","true",""
"001aZ00000sxfVrQAI","true","true",""
"001aZ00000sxfVsQAI","true","true",""
"001aZ00000sxfVtQAI","true","true",""
"001aZ00000sxfVuQAI","true","true",""
"001aZ00000sxfVvQAI","true","true",""
"001aZ00000sxfVwQAI","true","true",""
"001aZ00000sxfVxQAI","true","true",""
"001aZ00000sxfVyQAI","true","true",""
"001aZ00000sxfVzQAI","true","true",""
"001aZ00000sxfW0QAI","true","true",""
"001aZ00000sxfW1QAI","true","true",""
"001aZ00000sxfW2QAI","true","true",""
"001aZ00000sxfW3QAI","true","true",""
"001aZ00000sxfW4QAI","true","true",""
"001aZ00000sxfW5QAI","true","true",""
"001aZ00000sxfW6QAI","true","true",""
"001aZ00000sxfW7QAI","true","true",""
"001aZ00000sxfW8QAI","true","true",""
"001aZ00000sxfW9QAI","true","true",""
"001aZ00000sxfWAQAY","true","true",""
"001aZ00000sxfWBQAY","true","true",""
"001aZ00000sxfWCQAY","true","true",""
"001aZ00000sxfWDQAY","true","true",""
"001aZ00000sxfWEQAY","true","true",""
"001aZ00000sxfWFQAY","true","true",""
"001aZ00000sxfWGQAY","true","true",""
"001aZ00000sxfWHQAY","true","true",""
"001aZ00000sxfWIQAY","true","true",""
"001aZ00000sxfWJQAY","true","true",""
"001aZ00000sxfWKQAY","true","true",""
"001aZ00000sxfWLQAY","true","true",""
"001aZ00000sxfWMQAY","true","true",""
"001aZ00000sxfWNQAY","true","true",""
"001aZ00000sxfWOQAY","true","true",""
"001aZ00000sxfWPQAY","true","true",""
"001aZ00000sxfWQQAY","true","true",""
"001aZ00000sxfWRQAY","true","true",""
"001aZ00000sxfWSQAY","true","true",""
"001aZ00000sxfWTQAY","true","true",""
"001aZ00000sxfWUQAY","true","true",""
"001aZ00000sxfWVQAY","true","true",""
"001aZ00000sxfWWQAY","true","true",""
"001aZ00000sxfWXQAY","true","true",""
"001aZ00000sxfWYQAY","true","true",""
"001aZ00000sxfWZQAY","true","true",""
"001aZ00000sxfWaQAI","true","true",""
"001aZ00000sxfWbQAI","true","true",""
"001aZ00000sxfWcQAI","true","true",""
"001aZ00000sxfWdQAI","true","true",""
"001aZ00000sxfWeQAI","true","true",""
"001aZ00000sxfWfQAI","true","true",""
"001aZ00000sxfWgQAI","true","true",""
"001aZ00000sxfWhQAI","true","true",""
"001aZ00000sxfWiQAI","true","true",""
"001aZ00000sxfWjQAI","true","true",""
"001aZ00000sxfWkQAI","true","true",""
"001aZ00000sxfWlQAI","true","true",""
"001aZ00000sxfWmQAI","true","true",""
"001aZ00000sxfWnQAI","true","true",""
"001aZ00000sxfWoQAI","true","true",""
"001aZ00000sxfWpQAI","true","true",""
"001aZ00000sxfWqQAI","true","true",""
"001aZ00000sxfWrQAI","true","true",""
"001aZ00000sxfWsQAI","true","true",""
"001aZ00000sxfWtQAI","true","true",""
"001aZ00000sxfWuQAI","true","true",""
"001aZ00000sxfWvQAI","true","true",""
"001aZ00000sxfWwQAI","true","true",""
"001aZ00000sxfWxQAI","true","true",""
"001aZ00000sxfWyQAI","true","true",""
"001aZ00000sxfWzQAI","true","true",""
"001aZ00000sxfX0QAI","true","true",""
"001aZ00000sxfX1QAI","true","true",""
"001aZ00000sxfX2QAI","true","true",""
"001aZ00000sxfX3QAI","true","true",""
"001aZ00000sxfX4QAI","true","true",""
"001aZ00000sxfX5QAI","true","true",""
"001aZ00000sxfX6QAI","true","true",""
"001aZ00000sxfX7QAI","true","true",""
"001aZ00000sxfX8QAI","true","true",""
"001aZ00000sxfX9QAI","true","true",""
"001aZ00000sxfXAQAY","true","true",""
"001aZ00000sxfXBQAY","true","true",""
"001aZ00000sxfXCQAY","true","true",""
"001aZ00000sxfXDQAY","true","true",""
"001aZ00000sxfXEQAY","true","true",""
"001aZ00000sxfXFQAY","true","true",""
"001aZ00000sxfXGQAY","true","true",""
"001aZ00000sxfXHQAY","true","true",""
"001aZ00000sxfXIQAY","true","true",""
"001aZ00000sxfXJQAY","true","true",""
"001aZ00000sxfXKQAY","true","true",""
"001aZ00000sxfXLQAY","true","true",""
"001aZ00000sxfXMQAY","true","true",""
"001aZ00000sxfXNQAY","true","true",""
"001aZ00000sxfXOQAY","true","true",""
"001aZ00000sxfXPQAY","true","true",""
"001aZ00000sxfXQQAY","true","true",""
"001aZ00000sxfXRQAY","true","true",""
"001aZ00000sxfXSQAY","true","true",""
"001aZ00000sxfXTQAY","true","true",""
"001aZ00000sxfXUQAY","true","true",""
"001aZ00000sxfXVQAY","true","true",""
"001aZ00000sxfXWQAY","true","true",""
"001aZ00000sxfXXQAY","true","true",""
"001aZ00000sxfXYQAY","true","true",""
"001aZ00000sxfXZQAY","true","true",""
"001aZ00000sxfXaQAI","true","true",""
"001aZ00000sxfXbQAI","true","true",""
"001aZ00000sxfXcQAI","true","true",""
"001aZ00000sxfXdQAI","true","true",""
"001aZ00000sxfXeQAI","true","true",""
"001aZ00000sxfXfQAI","true","true",""
"001aZ00000sxfXgQAI","true","true",""
"001aZ00000sxfXhQAI","true","true",""
"001aZ00000sxfXiQAI","true","true",""
"001aZ00000sxfXjQAI","true","true",""
"001aZ00000sxfXkQAI","true","true",""
"001aZ00000sxfXlQAI","true","true",""
"001aZ00000sxfXmQAI","true","true",""
"001aZ00000sxfXnQAI","true","true",""
"001aZ00000sxfXoQAI","true","true",""
"001aZ00000sxfXpQAI","true","true",""
"001aZ00000sxfXqQAI","true","true",""
"001aZ00000sxfXrQAI","true","true",""
"001aZ00000sxfXsQAI","true","true",""
"001aZ00000sxfXtQAI","true","true",""
"001aZ00000sxfXuQAI","true","true",""
"001aZ00000sxfXvQAI","true","true",""
"001aZ00000sxfXwQAI","true","true",""
"001aZ00000sxfXxQAI","true","true",""
"001aZ00000sxfXyQAI","true","true",""
"001aZ00000sxfXzQAI","true","true",""
"001aZ00000sxfY0QAI","true","true",""
"001aZ00000sxfY1QAI","true","true",""
"001aZ00000sxfY2QAI","true","true",""
"001aZ00000sxfY3QAI","true","true",""
"001aZ00000sxfY4QAI","true","true",""
"001aZ00000sxfY5QAI","true","true",""
"001aZ00000sxfY6QAI","true","true",""
"001aZ00000sxfY7QAI","true","true",""
"001aZ00000sxfY8QAI","true","true",""
"001aZ00000sxfY9QAI","true","true",""
"001aZ00000sxfYAQAY","true","true",""
"001aZ00000sxfYBQAY","true","true",""
"001aZ00000sxfYCQAY","true","true",""
"001aZ00000sxfYDQAY","true","true",""
"001aZ00000sxfYEQAY","true","true",""
"001aZ00000sxfYFQAY","true","true",""
"001aZ00000sxfYGQAY","true","true",""
"001aZ00000sxfYHQAY","true","true",""
"001aZ00000sxfYIQAY","true","true",""
"001aZ00000sxfYJQAY","true","true",""
"001aZ00000sxfYKQAY","true","true",""
"001aZ00000sxfYLQAY","true","true",""
"001aZ00000sxfYMQAY","true","true",""
"001aZ00000sxfYNQAY","true","true",""
"001aZ00000sxfYOQAY","true","true",""
"001aZ00000sxfYPQAY","true","true",""
"001aZ00000sxfYQQAY","true","true",""
"001aZ00000sxfYRQAY","true","true",""
"001aZ00000sxfYSQAY","true","true",""
"001aZ00000sxfYTQAY","true","true",""
"001aZ00000sxfYUQAY","true","true",""
"001aZ00000sxfYVQAY","true","true",""
"001aZ00000sxfYWQAY","true","true",""
"001aZ00000sxfYXQAY","true","true",""
"001aZ00000sxfYYQAY","true","true",""
"001aZ00000sxfYZQAY","true","true",""
"001aZ00000sxfYaQAI","true","true",""
"001aZ00000sxfYbQAI","true","true",""
"001aZ00000sxfYcQAI","true","true",""
"001aZ00000sxfYdQAI","true","true",""
"001aZ00000sxfYeQAI","true","true",""
"001aZ00000sxfYfQAI","true","true",""
"001aZ00000sxfYgQAI","true","true",""
"001aZ00000sxfYhQAI","true","true",""
"001aZ00000sxfYiQAI","true","true",""
"001aZ00000sxfYjQAI","true","true",""
"001aZ00000sxfYkQAI","true","true",""
"001aZ00000sxfYlQAI","true","true",""
"001aZ00000sxfYmQAI","true","true",""
"001aZ00000sxfYnQAI","true","true",""
"001aZ00000sxfYoQAI","true","true",""
"001aZ00000sxfYpQAI","true","true",""
"001aZ00000sxfYqQAI","true","true",""
"001aZ00000sxfYrQAI","true","true",""
"001aZ00000sxfYsQAI","true","true",""
"001aZ00000sxfYtQAI","true","true",""
"001aZ00000sxfYuQAI","true","true",""
"001aZ00000sxfYvQAI","true","true",""
"001aZ00000sxfYwQAI","true","true",""
"001aZ00000sxfYxQAI","true","true",""
"001aZ00000sxfYyQAI","true","true",""
"001aZ00000sxfYzQAI","true","true",""
"001aZ00000sxfZ0QAI","true","true",""
"001aZ00000sxfZ1QAI","true","true",""
"001aZ00000sxfZ2QAI","true","true",""
"001aZ00000sxfZ3QAI","true","true",""
"001aZ00000sxfZ4QAI","true","true",""
"001aZ00000sxfZ5QAI","true","true",""
"001aZ00000sxfZ6QAI","true","true",""
"001aZ00000sxfZ7QAI","true","true",""
"001aZ00000sxfZ8QAI","true","true",""
"001aZ00000sxfZ9QAI","true","true",""
"001aZ00000sxfZAQAY","true","true",""
"001aZ00000sxfZBQAY","true","true",""
"001aZ00000sxfZCQAY","true","true",""
"001aZ00000sxfZDQAY","true","true",""
"001aZ00000sxfZEQAY","true","true",""
"001aZ00000sxfZFQAY","true","true",""
"001aZ00000sxfZGQAY","true","true",""
"001aZ00000sxfZHQAY","true","true",""
"001aZ00000sxfZIQAY","true","true",""
"001aZ00000sxfZJQAY","true","true",""
"001aZ00000sxfZKQAY","true","true",""
"001aZ00000sxfZLQAY","true","true",""
"001aZ00000sxfZMQAY","true","true",""
"001aZ00000sxfZNQAY","true","true",""
"001aZ00000sxfZOQAY","true","true",""
"001aZ00000sxfZPQAY","true","true",""
"001aZ00000sxfZQQAY","true","true",""
"001aZ00000sxfZRQAY","true","true",""
"001aZ00000sxfZSQAY","true","true",""
"001aZ00000sxfZTQAY","true","true",""
"001aZ00000sxfZUQAY","true","true",""
"001aZ00000sxfZVQAY","true","true",""
"001aZ00000sxfZWQAY","true","true",""
"001aZ00000sxfZXQAY","true","true",""
"001aZ00000sxfZYQAY","true","true",""
"001aZ00000sxfZZQAY","true","true",""
"001aZ00000sxfZaQAI","true","true",""
"001aZ00000sxfZbQAI","true","true",""
"001aZ00000sxfZcQAI","true","true",""
"001aZ00000sxfZdQAI","true","true",""
"001aZ00000sxfZeQAI","true","true",""
"001aZ00000sxfZfQAI","true","true",""
"001aZ00000sxfZgQAI","true","true",""
"001aZ00000sxfZhQAI","true","true",""
"001aZ00000sxfZiQAI","true","true",""
"001aZ00000sxfZjQAI","true","true",""
"001aZ00000sxfZkQAI","true","true",""
"001aZ00000sxfZlQAI","true","true",""
"001aZ00000sxfZmQAI","true","true",""
"001aZ00000sxfZnQAI","true","true",""
"001aZ00000sxfZoQAI","true","true",""
"001aZ00000sxfZpQAI","true","true",""
"001aZ00000sxfZqQAI","true","true",""
"001aZ00000sxfZrQAI","true","true",""
"001aZ00000sxfZsQAI","true","true",""
"001aZ00000sxfZtQAI","true","true",""
"001aZ00000sxfZuQAI","true","true",""
"001aZ00000sxfZvQAI","true","true",""
"001aZ00000sxfZwQAI","true","true",""
"001aZ00000sxfZxQAI","true","true",""
"001aZ00000sxfZyQAI","true","true",""
"001aZ00000sxfZzQAI","true","true",""
"001aZ00000sxfa0QAA","true","true",""
"001aZ00000sxfa1QAA","true","true",""
"001aZ00000sxfa2QAA","true","true",""
"001aZ00000sxfa3QAA","true","true",""
"001aZ00000sxfa4QAA","true","true",""
"001aZ00000sxfa5QAA","true","true",""
"001aZ00000sxfa6QAA","true","true",""
"001aZ00000sxfa7QAA","true","true",""
"001aZ00000sxfa8QAA","true","true",""
"001aZ00000sxfa9QAA","true","true",""
"001aZ00000sxfaAQAQ","true","true",""
"001aZ00000sxfaBQAQ","true","true",""
"001aZ00000sxfaCQAQ","true","true",""
"001aZ00000sxfaDQAQ","true","true",""
"001aZ00000sxfaEQAQ","true","true",""
"001aZ00000sxfaFQAQ","true","true",""
"001aZ00000sxfaGQAQ","true","true",""
"001aZ00000sxfaHQAQ","true","true",""
"001aZ00000sxfaIQAQ","true","true",""
"001aZ00000sxfaJQAQ","true","true",""
"001aZ00000sxfaKQAQ","true","true",""
"001aZ00000sxfaLQAQ","true","true",""
"001aZ00000sxfaMQAQ","true","true",""
"001aZ00000sxfaNQAQ","true","true",""
"001aZ00000sxfaOQAQ","true","true",""
"001aZ00000sxfaPQAQ","true","true",""
"001aZ00000sxfaQQAQ","true","true",""
"001aZ00000sxfaRQAQ","true","true",""
"001aZ00000sxfaSQAQ","true","true",""
"001aZ00000sxfaTQAQ","true","true",""
"001aZ00000sxfaUQAQ","true","true",""
"001aZ00000sxfaVQAQ","true","true",""
"001aZ00000sxfaWQAQ","true","true",""
"001aZ00000sxfaXQAQ","true","true",""
"001aZ00000sxfaYQAQ","true","true",""
"001aZ00000sxfaZQAQ","true","true",""
"001aZ00000sxfaaQAA","true","true",""
"001aZ00000sxfabQAA","true","true",""
"001aZ00000sxfacQAA","true","true",""
"001aZ00000sxfadQAA","true","true",""
"001aZ00000sxfaeQAA","true","true",""
"001aZ00000sxfafQAA","true","true",""
"001aZ00000sxfagQAA","true","true",""
"001aZ00000sxfahQAA","true","true",""
"001aZ00000sxfaiQAA","true","true",""
"001aZ00000sxfajQAA","true","true",""
"001aZ00000sxfakQAA","true","true",""
"001aZ00000sxfalQAA","true","true",""
"001aZ00000sxfamQAA","true","true",""
"001aZ00000sxfanQAA","true","true",""
"001aZ00000sxfaoQAA","true","true",""
"001aZ00000sxfapQAA","true","true",""
"001aZ00000sxfaqQAA","true","true",""
"001aZ00000sxfarQAA","true","true",""
"001aZ00000sxfasQAA","true","true",""
"001aZ00000sxfatQAA","true","true",""
"001aZ00000sxfauQAA","true","true",""
"001aZ00000sxfavQAA","true","true",""
"001aZ00000sxfawQAA","true","true",""
"001aZ00000sxfaxQAA","true","true",""
"001aZ00000sxfayQAA","true","true",""
"001aZ00000sxfazQAA","true","true",""
"001aZ00000sxfb0QAA","true","true",""
"001aZ00000sxfb1QAA","true","true",""
"001aZ00000sxfb2QAA","true","true",""
"001aZ00000sxfb3QAA","true","true",""
"001aZ00000sxfb4QAA","true","true",""
